<?xml version="1.0" encoding="UTF-8"?>
<project-private xmlns="http://www.netbeans.org/ns/project-private/1">
    <editor-bookmarks xmlns="http://www.netbeans.org/ns/editor-bookmarks/2" lastBookmarkId="0"/>
    <open-files xmlns="http://www.netbeans.org/ns/projectui-open-files/2">
        <group>
            <file>file:/C:/Users/artur/Desktop/Java/SA/src/sa/Menu.java</file>
            <file>file:/C:/Users/artur/Desktop/Java/SA/src/sa/Sobre.java</file>
            <file>file:/C:/Users/artur/Desktop/Java/SA/src/sa/TelaFinal.java</file>
            <file>file:/C:/Users/artur/Desktop/Java/SA/src/sa/Perguntas.java</file>
            <file>file:/C:/Users/artur/Desktop/Java/SA/src/sa/Aluguel.java</file>
            <file>file:/C:/Users/artur/Desktop/Java/SA/src/sa/Veiculos.java</file>
            <file>file:/C:/Users/artur/Desktop/Java/SA/src/sa/Compra.java</file>
            <file>file:/C:/Users/artur/Desktop/Java/SA/src/sa/Login.java</file>
        </group>
    </open-files>
</project-private>
